Marcaj de timp,Ãn acest moment aveÈ›i calitatea de :,VÃ¢rsta : ,CÃ¢te tranzacÈ›ii online aÈ›i efectuat Ã®n perioada (feb-aprilie 2021) ?,Ãn ce masurÄƒ conteazÄƒ pentru tine beneficiile achizitiilor online mentionate mai jos? [Posibilitatea de a realiza comparaÈ›ii],Ãn ce masurÄƒ conteazÄƒ pentru tine beneficiile achizitiilor online mentionate mai jos? [Accesibilitatea 24/24],Ãn ce masurÄƒ conteazÄƒ pentru tine beneficiile achizitiilor online mentionate mai jos? [Oportunitatea de a plÄƒti un preÈ› mai mic],Ãn ce masurÄƒ conteazÄƒ pentru tine beneficiile achizitiilor online mentionate mai jos? [Acces la o gamÄƒ mai largÄƒ de produse],Ãn ce masurÄƒ conteazÄƒ pentru tine beneficiile achizitiilor online mentionate mai jos? [Abilitatea de a Ã®mpÄƒrtÄƒÈ™i experienÈ›e pe reÈ›elele de socializare],Ãn ce masurÄƒ sunteÈ›i influenÈ›at de factorii de mai jos atunci cand vrei sa realizezi achiziÈ›ii online?  [ExperienÈ›a personalÄƒ],Ãn ce masurÄƒ sunteÈ›i influenÈ›at de factorii de mai jos atunci cand vrei sa realizezi achiziÈ›ii online?  [Review-urile de pe site],Ãn ce masurÄƒ sunteÈ›i influenÈ›at de factorii de mai jos atunci cand vrei sa realizezi achiziÈ›ii online?  [Opiniile celor apropiaÈ›i],Ãn ce masurÄƒ sunteÈ›i influenÈ›at de factorii de mai jos atunci cand vrei sa realizezi achiziÈ›ii online?  [InformaÈ›ia care È›i-o oferÄƒ motoarele de cÄƒutare],Ãn ce masurÄƒ conteaza elementele enumarate mai jos atunci cÃ¢nd alegeÈ›i un magazin online?  [Brand-ul ],Ãn ce masurÄƒ conteaza elementele enumarate mai jos atunci cÃ¢nd alegeÈ›i un magazin online?  [UÈ™urinÈ›a utilizÄƒrii website-ului],Ãn ce masurÄƒ conteaza elementele enumarate mai jos atunci cÃ¢nd alegeÈ›i un magazin online?  [Politica de return],Ãn ce masurÄƒ conteaza elementele enumarate mai jos atunci cÃ¢nd alegeÈ›i un magazin online?  [Diversitatea gamei de produse],Ãn ce masurÄƒ conteaza elementele enumarate mai jos atunci cÃ¢nd alegeÈ›i un magazin online?  [Posibilitatea de a urmÄƒri comanda],Ãn ce masurÄƒ obiÈ™nuiÈ›i sa vÄƒ documentaÈ›i Ã®nainte de a plasa o comandÄƒ online? ,Ce categorie de produse cumpÄƒraÈ›i cel mai mult online? ,CÃ¢t de frecvent efectuaÈ›i achiziÈ›ii online pe lunÄƒ?,Ãn ce masurÄƒ aÈ›i Ã®ntÃ¢mpinat problemele de mai jos atunci cand aÈ›i comandat un produs de pe internet? [Timpul de livrare nu a fost respectat],Ãn ce masurÄƒ aÈ›i Ã®ntÃ¢mpinat problemele de mai jos atunci cand aÈ›i comandat un produs de pe internet? [Produsul a ajuns cu defecte],Ãn ce masurÄƒ aÈ›i Ã®ntÃ¢mpinat problemele de mai jos atunci cand aÈ›i comandat un produs de pe internet? [Costuri mari cu livrarea],Ãn ce masurÄƒ aÈ›i Ã®ntÃ¢mpinat problemele de mai jos atunci cand aÈ›i comandat un produs de pe internet? [Calitate inferioarÄƒ],Ãn ce masurÄƒ aÈ›i Ã®ntÃ¢mpinat problemele de mai jos atunci cand aÈ›i comandat un produs de pe internet? [Returnarea produsului a fost dificilÄƒ],Ce aÈ›i fÄƒcut atunci cÃ¢nd aÈ›i Ã®ntÃ¢lnit o problemÄƒ cu produsul achiziÈ›ionat online?,"Ãn urma experienÈ›elor dvs.  privind achiziÈ›iile online, care consideraÈ›i ca a fost cea mai bunÄƒ? De ce?",Dar cea mai puÈ›in bunÄƒ? De ce?,NumÄƒrul mediu pe care Ã®l petreceÈ›i online (Ã®nafara cursurilor online).,Nivelul de studii  absolvit :,Genul :
2021/04/27 11:37:42 a.m. GMT+3,Student,18 - 21 ani,Peste 5 tranzacÈ›ii online,3,4,2,3,4,4,4,3,4,3,4,4,3,3,4,CÄƒrÈ›i È™i reviste,o datÄƒ pe lunÄƒ,3,4,4,3,4,Am comunicat cu vanzÄƒtorul online pentru a remedia situaÈ›ia.,"CumpÄƒrarea unor bilete de avion, pentrucÄƒ a fost rapid È™i accesibil tot procesul","o carte, livrarea a durat foarte mult",Mai mult de 3 ore,Studii liceale,Feminin
2021/04/27 12:00:13 p.m. GMT+3,Student,18 - 21 ani,Peste 5 tranzacÈ›ii online,2,4,3,5,1,2,1,3,1,4,2,3,4,4,2,Haine È™i Ã®ncÄƒltÄƒminte,o datÄƒ pe sÄƒptÄƒmÃ¢nÄƒ,2,2,3,2,1,Am comunicat cu vanzÄƒtorul online pentru a remedia situaÈ›ia.,Toate achizitiile care nu au trebuit returnate au fost bune in egala masura.,"Cele carora a trebuit sa le fac retur, din cauza defectelor de fabricatie.",Mai mult de 3 ore,Studii liceale,Feminin
2021/04/27 12:04:24 p.m. GMT+3,Student,22 - 24 ani,Peste 5 tranzacÈ›ii online,5,5,4,5,5,4,4,4,2,3,5,3,5,5,5,Accesorii / produse de Ã®ngrijire personalÄƒ,o datÄƒ pe lunÄƒ,3,2,4,2,3,Am comunicat cu vanzÄƒtorul online pentru a remedia situaÈ›ia.,O experienÈ›Äƒ Ã®n care mi se comunicÄƒ constant starea livrÄƒrii si la final mi se cere feed-back mi se pare cea mai potrivitÄƒ. ,"Cea mai puÈ›in bunÄƒ a fost o experienÈ›Äƒ Ã®n care nu am fost notificatÄƒ deloc de starea livrÄƒrii, au intervenit dificultÄƒÈ›i privind contractarea curierului, nefiind disponibilÄƒ Ã®n acel moment, ca la final sÄƒ fiu blamatÄƒ eu deÈ™i comunicarea a fost neeficientÄƒ",Mai mult de 3 ore,Studii liceale,Feminin
2021/04/27 4:32:49 p.m. GMT+3,Student,18 - 21 ani,Peste 5 tranzacÈ›ii online,3,3,5,5,3,5,4,3,5,5,4,4,4,4,4,Haine È™i Ã®ncÄƒltÄƒminte,o datÄƒ pe lunÄƒ,5,3,5,4,5,Am comunicat cu vanzÄƒtorul online pentru a remedia situaÈ›ia.,Comenzile de pe Aboutyou deoarece puteam urmari comanda,Coletul mi-a venit cu 2 saptamani intarziere,Ãntre 2-3 ore,Studii liceale,Feminin
2021/04/27 4:33:29 p.m. GMT+3,Student,18 - 21 ani,Mai puÈ›in de 5 tranzacÈ›ii online,,,,,,,,,,,,,,,,,,,,,,,,,,,,
2021/04/27 4:36:34 p.m. GMT+3,Student,18 - 21 ani,Mai puÈ›in de 5 tranzacÈ›ii online,,,,,,,,,,,,,,,,,,,,,,,,,,,,
2021/04/27 4:37:32 p.m. GMT+3,Student,18 - 21 ani,Mai puÈ›in de 5 tranzacÈ›ii online,,,,,,,,,,,,,,,,,,,,,,,,,,,,
2021/04/27 4:37:33 p.m. GMT+3,Student,18 - 21 ani,Mai puÈ›in de 5 tranzacÈ›ii online,,,,,,,,,,,,,,,,,,,,,,,,,,,,
2021/04/27 4:39:27 p.m. GMT+3,Absolvent  de Studii Superioare,22 - 24 ani,Mai puÈ›in de 5 tranzacÈ›ii online,,,,,,,,,,,,,,,,,,,,,,,,,,,,
2021/04/27 4:40:08 p.m. GMT+3,Student,18 - 21 ani,Mai puÈ›in de 5 tranzacÈ›ii online,,,,,,,,,,,,,,,,,,,,,,,,,,,,
2021/04/27 4:40:54 p.m. GMT+3,Student,25 - 30 ani,Mai puÈ›in de 5 tranzacÈ›ii online,,,,,,,,,,,,,,,,,,,,,,,,,,,,
2021/04/27 4:41:03 p.m. GMT+3,Absolvent  de Studii Superioare,25 - 30 ani,Peste 5 tranzacÈ›ii online,3,5,5,5,5,4,5,4,4,4,5,5,4,4,5,Haine È™i Ã®ncÄƒltÄƒminte,de 2-3 ori pe lunÄƒ,4,2,2,3,3,Am comunicat cu vanzÄƒtorul online pentru a remedia situaÈ›ia.,"Haine, e mai uÈ™or decÃ¢t de umblat prin magazine, plus cÄƒ poÈ›i prinde oferte mai bune",Nu È™tiu sÄƒ zic,Ãntre 2-3 ore,Studii post-universitare,Feminin
2021/04/27 4:41:21 p.m. GMT+3,Student,18 - 21 ani,Peste 5 tranzacÈ›ii online,5,5,5,5,1,5,3,5,3,3,3,5,5,5,5,MÃ¢ncare,o datÄƒ pe sÄƒptÄƒmÃ¢nÄƒ,3,2,2,2,3,Am comunicat cu vanzÄƒtorul online pentru a remedia situaÈ›ia.,"Am comandat o datÄƒ, printre altele, niÈ™te becuri de la Auchan È™i mi-au ajuns pe culori diferite. Am sunat la ei È™i Ã®n cÃ¢teva ore au trimis pe cineva È™i am fÄƒcut schimbul de becuri.",Mi-au pus cÄƒ ajung dupÄƒ masa dupÄƒ ora 14 È™i au ajuns la 21. I-am aÈ™teptat toatÄƒ ziua degeaba.,Mai mult de 3 ore,Studii liceale,Feminin
2021/04/27 4:41:59 p.m. GMT+3,Student,25 - 30 ani,Peste 5 tranzacÈ›ii online,4,4,1,4,1,4,4,1,1,4,4,4,4,4,3,Haine È™i Ã®ncÄƒltÄƒminte,de 2-3 ori pe lunÄƒ,4,2,2,2,4,Am comunicat cu vanzÄƒtorul online pentru a remedia situaÈ›ia.,"Achizitii de pe about you , livrare rapida ,retur gratuit . Foarte incantata .","Am achizitionat un compleu iar cand a ajuns nu era deloc calitatea din descrierea produsului ,dezamagita total .",Ãntre 2-3 ore,Studii liceale,Feminin
2021/04/27 4:42:01 p.m. GMT+3,Student,18 - 21 ani,Mai puÈ›in de 5 tranzacÈ›ii online,,,,,,,,,,,,,,,,,,,,,,,,,,,,
2021/04/27 4:42:20 p.m. GMT+3,Student,18 - 21 ani,Mai puÈ›in de 5 tranzacÈ›ii online,,,,,,,,,,,,,,,,,,,,,,,,,,,,
2021/04/27 4:43:08 p.m. GMT+3,Student,22 - 24 ani,Mai puÈ›in de 5 tranzacÈ›ii online,,,,,,,,,,,,,,,,,,,,,,,,,,,,
2021/04/27 4:44:52 p.m. GMT+3,Student,18 - 21 ani,Mai puÈ›in de 5 tranzacÈ›ii online,,,,,,,,,,,,,,,,,,,,,,,,,,,,
2021/04/27 4:44:56 p.m. GMT+3,Student,18 - 21 ani,Mai puÈ›in de 5 tranzacÈ›ii online,,,,,,,,,,,,,,,,,,,,,,,,,,,,
2021/04/27 4:46:06 p.m. GMT+3,Student,25 - 30 ani,Peste 5 tranzacÈ›ii online,5,5,5,5,5,5,5,5,4,3,3,4,5,4,4,Accesorii / produse de Ã®ngrijire personalÄƒ,o datÄƒ pe lunÄƒ,4,4,5,5,5,Am comunicat cu vanzÄƒtorul online pentru a remedia situaÈ›ia.,Cumparaturile de oa farmacii/ produse de ingrijire persoanala ,Am cumparat un corset pentru spate care arata in poze intr-un fel si fizic nici nu seamana cu poza,Mai mult de 3 ore,Studii liceale,Feminin
2021/04/27 4:48:25 p.m. GMT+3,Absolvent  de Studii Superioare,22 - 24 ani,Peste 5 tranzacÈ›ii online,5,5,5,5,3,4,4,4,3,4,4,4,4,4,5,MÃ¢ncare,de 2-3 ori pe sÄƒptÄƒmÃ¢nÄƒ,2,2,4,2,1,Am comunicat cu vanzÄƒtorul online pentru a remedia situaÈ›ia.,.,.,Ãntre 2-3 ore,Studii universitare,Feminin
2021/04/27 4:48:48 p.m. GMT+3,Student,22 - 24 ani,Peste 5 tranzacÈ›ii online,3,3,3,4,3,3,4,1,4,3,4,1,3,5,5,Electronice,de 2-3 ori pe lunÄƒ,2,3,1,2,1,Am comunicat cu vanzÄƒtorul online pentru a remedia situaÈ›ia.,Cea mai buna a fost cea de la Pc Garage. Produsele au ajuns repede in ciuda faptului ca nu erau in stoc la momentul respectiv.,Achizitionarea unui produs de Black-Friday de la emag. Produsul a ajuns deteriorat si nu l am putut returna.,Mai mult de 3 ore,Studii universitare,Masculin
2021/04/27 4:49:13 p.m. GMT+3,Student,18 - 21 ani,Mai puÈ›in de 5 tranzacÈ›ii online,,,,,,,,,,,,,,,,,,,,,,,,,,,,
2021/04/27 4:51:57 p.m. GMT+3,Student,22 - 24 ani,Peste 5 tranzacÈ›ii online,5,5,5,5,5,5,5,4,3,3,5,4,5,5,4,Accesorii / produse de Ã®ngrijire personalÄƒ,de 2-3 ori pe lunÄƒ,2,2,2,2,2,Am comunicat cu vanzÄƒtorul online pentru a remedia situaÈ›ia.,-,-,Mai mult de 3 ore,Studii liceale,Feminin
2021/04/27 4:52:38 p.m. GMT+3,Student,22 - 24 ani,Mai puÈ›in de 5 tranzacÈ›ii online,,,,,,,,,,,,,,,,,,,,,,,,,,,,
2021/04/27 4:55:27 p.m. GMT+3,Student,22 - 24 ani,Mai puÈ›in de 5 tranzacÈ›ii online,,,,,,,,,,,,,,,,,,,,,,,,,,,,
2021/04/27 4:56:06 p.m. GMT+3,Student,18 - 21 ani,Mai puÈ›in de 5 tranzacÈ›ii online,,,,,,,,,,,,,,,,,,,,,,,,,,,,
2021/04/27 4:56:07 p.m. GMT+3,Student,18 - 21 ani,Peste 5 tranzacÈ›ii online,3,5,5,2,1,5,4,5,3,3,1,1,3,3,3,Accesorii / produse de Ã®ngrijire personalÄƒ,de 2-3 ori pe sÄƒptÄƒmÃ¢nÄƒ,1,1,3,1,1,Am comunicat cu vanzÄƒtorul online pentru a remedia situaÈ›ia.,Cand comanda vine foarte repede,Cand taxa de trasport a fost foarte mare,Mai mult de 3 ore,Studii liceale,Feminin
2021/04/27 5:06:28 p.m. GMT+3,Absolvent  de Studii Superioare,22 - 24 ani,Mai puÈ›in de 5 tranzacÈ›ii online,,,,,,,,,,,,,,,,,,,,,,,,,,,,
2021/04/27 5:09:25 p.m. GMT+3,Student,18 - 21 ani,Mai puÈ›in de 5 tranzacÈ›ii online,,,,,,,,,,,,,,,,,,,,,,,,,,,,
2021/04/27 5:09:56 p.m. GMT+3,Student,18 - 21 ani,Peste 5 tranzacÈ›ii online,5,5,5,5,5,5,5,5,4,3,4,3,4,4,5,Haine È™i Ã®ncÄƒltÄƒminte,de 2-3 ori pe lunÄƒ,3,2,2,2,1,Am comunicat cu vanzÄƒtorul online pentru a remedia situaÈ›ia.,Cea in care am comandat o periuÈ›Äƒ de dinÈ›i electrica care mi-a schimbat viaÈ›a in mod pozitiv. ,"Am comandat inainte de CrÄƒciun mai multe lucruri de pe un site, timpul in care trebuia sa ajunga comanda era pana in 20 decembrie, dar comanda a ajuns in ianuarie. ",Ãntre 2-3 ore,Studii liceale,Feminin
2021/04/27 5:11:08 p.m. GMT+3,Absolvent  de Studii Superioare,25 - 30 ani,Peste 5 tranzacÈ›ii online,5,5,3,5,1,3,3,3,4,4,3,3,3,3,5,Accesorii / produse de Ã®ngrijire personalÄƒ,de 2-3 ori pe lunÄƒ,3,2,2,2,1,Am comunicat cu vanzÄƒtorul online pentru a remedia situaÈ›ia.,"Cea mai buna experienta de shopping online este, in general, cea care nu vine cu surprize. Stii exact cat este timpul de livrare, ca totul vine ambalat corespunzator si ca esti la curent cu statusul comenzii. ","La polul opus, experientele mai putin placute constau in intarzierea livrarilor, a restituirii sumei in cont si a deteriorarii produselor din diferite cauze. ",Ãntre 2-3 ore,Studii post-universitare,Feminin
2021/04/27 5:11:23 p.m. GMT+3,Student,22 - 24 ani,Peste 5 tranzacÈ›ii online,5,5,5,5,1,5,3,3,3,5,5,2,4,4,4,Haine È™i Ã®ncÄƒltÄƒminte,de 2-3 ori pe lunÄƒ,2,1,2,2,1,Nu am luat nicio acÈ›iune.,Majoritatea,-,Ãntre 2-3 ore,Studii universitare,Feminin
2021/04/27 5:14:51 p.m. GMT+3,Absolvent  de Studii Superioare,25 - 30 ani,Mai puÈ›in de 5 tranzacÈ›ii online,,,,,,,,,,,,,,,,,,,,,,,,,,,,
2021/04/27 5:15:31 p.m. GMT+3,Student,22 - 24 ani,Peste 5 tranzacÈ›ii online,4,5,4,3,1,5,2,2,3,5,4,3,5,5,4,Accesorii / produse de Ã®ngrijire personalÄƒ,o datÄƒ pe lunÄƒ,1,3,3,4,1,Nu am luat nicio acÈ›iune.,Cea mai bunÄƒ achiziÈ›ie online a fost a produselor de make up pentru cÄƒ a fost livratÄƒ a doua zi È™i preÈ›ul minim pentru o livrare gratuitÄƒ este comod ,"Cea mai puÈ›in bunÄƒ a fost de pe site precum amazon, ebay pentru ca perioada de livrare a fost mare È™i nici nu merita efortul sa faci retur ",Mai mult de 3 ore,Studii liceale,Feminin
2021/04/27 5:17:07 p.m. GMT+3,Student,18 - 21 ani,Peste 5 tranzacÈ›ii online,1,3,3,5,3,4,2,4,1,2,3,1,5,3,3,MÃ¢ncare,de 2-3 ori pe lunÄƒ,2,1,3,3,5,Nu am luat nicio acÈ›iune.,Cea mai buna experienta a fost atunci cand am comandat mancare si mi s-a adus un produs supriza/extra gratis la ce am comandat.,Atunci cand mancarea a fost rece si necalitativa.,Ãntre 2-3 ore,Studii liceale,Feminin
2021/04/27 5:18:43 p.m. GMT+3,Student,18 - 21 ani,Peste 5 tranzacÈ›ii online,5,5,2,5,1,1,3,3,2,3,1,2,1,2,1,Haine È™i Ã®ncÄƒltÄƒminte,de 2-3 ori pe lunÄƒ,1,3,2,2,3,Am comunicat cu vanzÄƒtorul online pentru a remedia situaÈ›ia.,. ,. ,Mai mult de 3 ore,Studii universitare,Feminin
2021/04/27 5:20:43 p.m. GMT+3,Student,18 - 21 ani,Mai puÈ›in de 5 tranzacÈ›ii online,,,,,,,,,,,,,,,,,,,,,,,,,,,,
2021/04/27 5:25:25 p.m. GMT+3,Absolvent  de Studii Superioare,25 - 30 ani,Peste 5 tranzacÈ›ii online,4,4,4,4,2,4,4,4,4,2,4,2,4,4,3,Accesorii / produse de Ã®ngrijire personalÄƒ,o datÄƒ pe lunÄƒ,1,1,1,1,2,Nu am luat nicio acÈ›iune.,"Produse de ingrijire, deoarece Ã®n momentul Ã®n care È™tii ce nevoi ai È™tii È™i ce sa cumperi. Nu ai cum sa dai greÈ™it ca nu s-ar potrivi, ca la haine spre exemplu.","Hainele. Uneori nu se potriveÈ™te mÄƒrimea, culoarea e diferita, materialul nu e pe gustul meu.",Mai mult de 3 ore,Studii universitare,Feminin
2021/04/27 5:25:37 p.m. GMT+3,Student,18 - 21 ani,Mai puÈ›in de 5 tranzacÈ›ii online,,,,,,,,,,,,,,,,,,,,,,,,,,,,
2021/04/27 5:26:31 p.m. GMT+3,Student,18 - 21 ani,Mai puÈ›in de 5 tranzacÈ›ii online,,,,,,,,,,,,,,,,,,,,,,,,,,,,
2021/04/27 5:27:05 p.m. GMT+3,Student,22 - 24 ani,Mai puÈ›in de 5 tranzacÈ›ii online,,,,,,,,,,,,,,,,,,,,,,,,,,,,
2021/04/27 5:29:14 p.m. GMT+3,Absolvent  de Studii Superioare,25 - 30 ani,Mai puÈ›in de 5 tranzacÈ›ii online,,,,,,,,,,,,,,,,,,,,,,,,,,,,
2021/04/27 5:33:10 p.m. GMT+3,Student,18 - 21 ani,Peste 5 tranzacÈ›ii online,4,5,5,3,5,5,5,4,3,3,2,5,5,5,5,Haine È™i Ã®ncÄƒltÄƒminte,o datÄƒ pe lunÄƒ,2,1,1,1,1,Am comunicat cu vanzÄƒtorul online pentru a remedia situaÈ›ia.,"AchiziÈ›ionarea hainelor,deoarece au ajuns Ã®n stare impecabila ","Accesorii, deoarece au ajuns deteriorate ",Ãntre 2-3 ore,Studii liceale,Feminin
2021/04/27 5:36:20 p.m. GMT+3,Absolvent  de Studii Superioare,25 - 30 ani,Peste 5 tranzacÈ›ii online,3,3,3,2,1,5,4,4,4,2,5,5,2,4,4,Accesorii / produse de Ã®ngrijire personalÄƒ,de 2-3 ori pe lunÄƒ,4,2,5,5,5,L-am returnat,"Ãmi pare puÈ›in cam vagÄƒ Ã®ntrebarea. Dar o achiziÈ›ie online buna este cÃ¢nd are livrare gratuita, se livreazÄƒ rapid, produsul este bun, iar politica de retur este È™i ea rapida atÃ¢t ca preluare de acasÄƒ cÃ¢t È™i ca restituirea banilor.","Calitatea produselor este mult inferioara, mÄƒrimile nu corespund (acelaÈ™i model È™i marime dar fizic total diferite), livrare scumpÄƒ desi comanda e valoroasÄƒ, returul face mai mult decÃ¢t produsul in sine, curierii nu aduc produsul la uÈ™Äƒ, pretind reduceri, care sunt de fapt false.",Mai mult de 3 ore,Studii post-universitare,Feminin
2021/04/27 5:41:23 p.m. GMT+3,Student,18 - 21 ani,Peste 5 tranzacÈ›ii online,3,5,5,5,1,3,2,1,5,5,5,4,5,5,4,Accesorii / produse de Ã®ngrijire personalÄƒ,o datÄƒ pe lunÄƒ,1,2,3,1,1,Am povestit persoanelor apropiate despre experienÈ›a negativÄƒ.,Mi-a plÄƒcut extraordinar de mult cÃ¢nd am comandat cÄƒrÈ›i È™i au ajuns extrem de repede.,Atunci cÃ¢nd am comandat un produs È™i a ajuns spart. ,Mai mult de 3 ore,Studii liceale,Feminin
2021/04/27 5:48:06 p.m. GMT+3,Student,18 - 21 ani,Peste 5 tranzacÈ›ii online,5,5,4,4,4,5,4,4,4,5,4,4,4,4,5,Accesorii / produse de Ã®ngrijire personalÄƒ,o datÄƒ pe lunÄƒ,2,2,3,2,1,Am comunicat cu vanzÄƒtorul online pentru a remedia situaÈ›ia.,"Achizitia de produse de ingrijire personala, deoarece online sunt mult mai ieftine decat in magazine/farmacii.","Achizitia unor pijamale, deoarece am primit o alta marime decat cea comandata.",Mai mult de 3 ore,Studii liceale,Feminin
2021/04/27 5:48:20 p.m. GMT+3,Absolvent  de Studii Superioare,22 - 24 ani,Peste 5 tranzacÈ›ii online,3,5,2,5,1,5,4,5,2,3,4,5,5,5,4,Haine È™i Ã®ncÄƒltÄƒminte,de 2-3 ori pe lunÄƒ,3,1,3,2,3,Am comunicat cu vanzÄƒtorul online pentru a remedia situaÈ›ia.,-,-,Ãntre 2-3 ore,Studii universitare,Feminin
2021/04/27 5:49:01 p.m. GMT+3,Absolvent  de Studii Superioare,22 - 24 ani,Mai puÈ›in de 5 tranzacÈ›ii online,,,,,,,,,,,,,,,,,,,,,,,,,,,,
2021/04/27 5:49:44 p.m. GMT+3,Absolvent  de Studii Superioare,22 - 24 ani,Peste 5 tranzacÈ›ii online,3,5,5,5,3,5,4,4,1,1,5,5,5,5,1,CÄƒrÈ›i È™i reviste,de 2-3 ori pe lunÄƒ,1,1,1,1,1,Am comunicat cu vanzÄƒtorul online pentru a remedia situaÈ›ia.,"Pana acum toate experienÈ›ele au fost bune, conform aÈ™teptÄƒrilor mele.",Nu am avut Ã®ncÄƒ experienÈ›e neplÄƒcute cu achiziÈ›iile online.,Mai mult de 3 ore,Studii universitare,Feminin
2021/04/27 5:53:06 p.m. GMT+3,Student,22 - 24 ani,Mai puÈ›in de 5 tranzacÈ›ii online,,,,,,,,,,,,,,,,,,,,,,,,,,,,
2021/04/27 5:56:14 p.m. GMT+3,Absolvent  de Studii Superioare,25 - 30 ani,Mai puÈ›in de 5 tranzacÈ›ii online,,,,,,,,,,,,,,,,,,,,,,,,,,,,
2021/04/27 5:56:30 p.m. GMT+3,Absolvent  de Studii Superioare,22 - 24 ani,Peste 5 tranzacÈ›ii online,5,3,5,5,3,5,4,5,4,3,4,3,4,4,4,MÃ¢ncare,de 2-3 ori pe lunÄƒ,3,4,5,3,2,Am comunicat cu vanzÄƒtorul online pentru a remedia situaÈ›ia., , ,Mai mult de 3 ore,Studii universitare,Feminin
2021/04/27 6:01:04 p.m. GMT+3,Student,18 - 21 ani,Mai puÈ›in de 5 tranzacÈ›ii online,,,,,,,,,,,,,,,,,,,,,,,,,,,,
2021/04/27 6:07:22 p.m. GMT+3,Student,18 - 21 ani,Peste 5 tranzacÈ›ii online,5,3,5,5,2,5,3,3,2,5,3,1,3,2,5,Accesorii / produse de Ã®ngrijire personalÄƒ,de 2-3 ori pe lunÄƒ,2,2,2,4,1,Nu am luat nicio acÈ›iune.,Cea testata. Cand am cumparat produse de ingrijire personala pe care le-am testat in trecut,Cand am comandat ceva noi,Mai puÈ›in de 2 ore,Studii liceale,Feminin
2021/04/27 6:08:28 p.m. GMT+3,Absolvent  de Studii Superioare,25 - 30 ani,Peste 5 tranzacÈ›ii online,4,5,3,3,2,5,4,4,4,4,5,5,5,3,4,Accesorii / produse de Ã®ngrijire personalÄƒ,de 2-3 ori pe lunÄƒ,2,1,3,2,2,Am comunicat cu vanzÄƒtorul online pentru a remedia situaÈ›ia.,"Produse skincar de pe farmaciatei, chiar daca odata au incurcat ceva in comanda, dupa un email au schimbat imediat produsul. Preturi foarte bune si seriozitate maxima. ","Libraria Delfin. A durat aproape o luna sa ajunga comanda, au incurcat ceva, si dupa nenumerate emailuri si convorbiri telefonice am reusit sa primesc cartiile, care erau deja platite...",Mai mult de 3 ore,Studii universitare,Feminin
2021/04/27 6:17:07 p.m. GMT+3,Student,18 - 21 ani,Mai puÈ›in de 5 tranzacÈ›ii online,,,,,,,,,,,,,,,,,,,,,,,,,,,,
2021/04/27 6:17:24 p.m. GMT+3,Student,18 - 21 ani,Mai puÈ›in de 5 tranzacÈ›ii online,,,,,,,,,,,,,,,,,,,,,,,,,,,,
2021/04/27 6:17:32 p.m. GMT+3,Student,22 - 24 ani,Mai puÈ›in de 5 tranzacÈ›ii online,,,,,,,,,,,,,,,,,,,,,,,,,,,,
2021/04/27 6:21:14 p.m. GMT+3,Student,18 - 21 ani,Peste 5 tranzacÈ›ii online,4,5,5,5,5,4,4,5,4,4,5,4,5,5,2,Accesorii / produse de Ã®ngrijire personalÄƒ,de 2-3 ori pe lunÄƒ,3,2,4,2,5,Am comunicat cu vanzÄƒtorul online pentru a remedia situaÈ›ia.,Un rimel/calitate preÈ›,MÄƒÈ™ti pentru faÈ›Äƒ,Mai mult de 3 ore,Studii liceale,Feminin
2021/04/27 6:21:59 p.m. GMT+3,Absolvent  de Studii Superioare,25 - 30 ani,Peste 5 tranzacÈ›ii online,3,4,4,4,1,5,3,4,4,3,5,3,4,1,5,Accesorii / produse de Ã®ngrijire personalÄƒ,de 2-3 ori pe lunÄƒ,4,2,4,2,2,Am comunicat cu vanzÄƒtorul online pentru a remedia situaÈ›ia.,- ,-,Mai mult de 3 ore,Studii post-universitare,Feminin
2021/04/27 6:22:49 p.m. GMT+3,Student,18 - 21 ani,Mai puÈ›in de 5 tranzacÈ›ii online,,,,,,,,,,,,,,,,,,,,,,,,,,,,
2021/04/27 6:28:38 p.m. GMT+3,Absolvent  de Studii Superioare,25 - 30 ani,Mai puÈ›in de 5 tranzacÈ›ii online,,,,,,,,,,,,,,,,,,,,,,,,,,,,
2021/04/27 6:37:49 p.m. GMT+3,Student,18 - 21 ani,Peste 5 tranzacÈ›ii online,5,5,5,5,4,2,3,4,3,4,5,3,4,5,4,Haine È™i Ã®ncÄƒltÄƒminte,o datÄƒ pe lunÄƒ,5,3,4,3,2,Nu am luat nicio acÈ›iune.,Ãn cumpÄƒrarea hainelor ,CumpÄƒrarea lucrurilor fragile-> ruperea\spargerea lor,Mai mult de 3 ore,Studii universitare,Feminin
2021/04/27 6:42:26 p.m. GMT+3,Absolvent  de Studii Superioare,22 - 24 ani,Mai puÈ›in de 5 tranzacÈ›ii online,,,,,,,,,,,,,,,,,,,,,,,,,,,,
2021/04/27 6:46:46 p.m. GMT+3,Student,25 - 30 ani,Peste 5 tranzacÈ›ii online,3,3,3,3,1,3,3,3,3,3,3,3,3,3,4,MÃ¢ncare,de 2-3 ori pe sÄƒptÄƒmÃ¢nÄƒ,2,1,2,2,3,Am comunicat cu vanzÄƒtorul online pentru a remedia situaÈ›ia.,A ajuns la timp,Nu am avut,Mai mult de 3 ore,Studii universitare,Feminin
2021/04/27 6:49:56 p.m. GMT+3,Absolvent  de Studii Superioare,22 - 24 ani,Mai puÈ›in de 5 tranzacÈ›ii online,,,,,,,,,,,,,,,,,,,,,,,,,,,,
2021/04/27 6:52:52 p.m. GMT+3,Student,18 - 21 ani,Mai puÈ›in de 5 tranzacÈ›ii online,,,,,,,,,,,,,,,,,,,,,,,,,,,,
2021/04/27 6:56:35 p.m. GMT+3,Student,22 - 24 ani,Peste 5 tranzacÈ›ii online,5,5,5,5,1,5,3,3,1,5,4,4,5,3,5,"Skincare, mancare, diverse",de 2-3 ori pe lunÄƒ,3,2,5,2,2,Am comunicat cu vanzÄƒtorul online pentru a remedia situaÈ›ia.,.,.,Mai mult de 3 ore,Studii liceale,Feminin
2021/04/27 6:59:23 p.m. GMT+3,Student,18 - 21 ani,Peste 5 tranzacÈ›ii online,3,3,3,3,3,4,4,4,3,4,4,5,5,5,5,Haine È™i Ã®ncÄƒltÄƒminte,o datÄƒ pe sÄƒptÄƒmÃ¢nÄƒ,2,1,3,1,1,Am comunicat cu vanzÄƒtorul online pentru a remedia situaÈ›ia.,"Hainele, deoarece am avut o gama variata È™i am putut sa Ã®mi selectez exact ceea ce voiam","ÃncÄƒlÈ›Äƒmintea, niciodata nu Ã®mi gasesc mÄƒrimea potrivita",Mai puÈ›in de 2 ore,Studii liceale,Feminin
2021/04/27 6:59:49 p.m. GMT+3,Student,18 - 21 ani,Mai puÈ›in de 5 tranzacÈ›ii online,,,,,,,,,,,,,,,,,,,,,,,,,,,,
2021/04/27 7:00:28 p.m. GMT+3,Absolvent  de Studii Superioare,22 - 24 ani,Mai puÈ›in de 5 tranzacÈ›ii online,,,,,,,,,,,,,,,,,,,,,,,,,,,,
2021/04/27 7:01:13 p.m. GMT+3,Absolvent  de Studii Superioare,22 - 24 ani,Mai puÈ›in de 5 tranzacÈ›ii online,,,,,,,,,,,,,,,,,,,,,,,,,,,,
2021/04/27 7:09:00 p.m. GMT+3,Absolvent  de Studii Superioare,25 - 30 ani,Mai puÈ›in de 5 tranzacÈ›ii online,,,,,,,,,,,,,,,,,,,,,,,,,,,,
2021/04/27 7:10:56 p.m. GMT+3,Absolvent  de Studii Superioare,22 - 24 ani,Mai puÈ›in de 5 tranzacÈ›ii online,,,,,,,,,,,,,,,,,,,,,,,,,,,,
2021/04/27 7:12:06 p.m. GMT+3,Absolvent  de Studii Superioare,25 - 30 ani,Peste 5 tranzacÈ›ii online,5,5,5,5,5,5,5,5,5,5,5,5,5,5,5,Haine È™i Ã®ncÄƒltÄƒminte,de 2-3 ori pe sÄƒptÄƒmÃ¢nÄƒ,2,2,2,2,2,Am comunicat cu vanzÄƒtorul online pentru a remedia situaÈ›ia.,H&m,Nu a fost.,Mai mult de 3 ore,Studii post-universitare,Feminin
2021/04/27 7:19:54 p.m. GMT+3,Student,18 - 21 ani,Peste 5 tranzacÈ›ii online,5,4,5,5,1,5,3,4,2,3,4,4,4,2,3,Haine È™i Ã®ncÄƒltÄƒminte,o datÄƒ pe sÄƒptÄƒmÃ¢nÄƒ,3,2,2,3,1,Am povestit persoanelor apropiate despre experienÈ›a negativÄƒ.,atunci cand am putut sa cumpar si sa returnez gratis produsele pentru ca asa te decizi mai usor in momentul in care cumperi ceva ,"atunci cand produsele au avut o calitate inferioara iar returnarea, desi facila, presupunea costuri mari de transport ",Ãntre 2-3 ore,Studii liceale,Feminin
2021/04/27 7:23:56 p.m. GMT+3,Student,18 - 21 ani,Peste 5 tranzacÈ›ii online,5,4,5,5,1,5,4,4,3,3,3,3,4,5,4,Accesorii / produse de Ã®ngrijire personalÄƒ,o datÄƒ pe sÄƒptÄƒmÃ¢nÄƒ,4,1,3,1,1,Nu am luat nicio acÈ›iune.,"Cea mai buna a fost pe un site de cosmetice, pe www.isntree.ro, deoarece site-ul e uÈ™or de utilizat È™i comanda a ajuns repede. ",Cea mai puÈ›in buna a fost tot una de cosmetice pentru ca au ajuns tÃ¢rziu È™i produsele au lipsit mult din stoc. ,Mai mult de 3 ore,Studii liceale,Feminin
2021/04/27 7:27:29 p.m. GMT+3,Student,18 - 21 ani,Mai puÈ›in de 5 tranzacÈ›ii online,,,,,,,,,,,,,,,,,,,,,,,,,,,,
2021/04/27 7:27:39 p.m. GMT+3,Student,18 - 21 ani,Mai puÈ›in de 5 tranzacÈ›ii online,,,,,,,,,,,,,,,,,,,,,,,,,,,,
2021/04/27 7:29:28 p.m. GMT+3,Absolvent  de Studii Superioare,22 - 24 ani,Peste 5 tranzacÈ›ii online,3,3,5,4,1,4,4,3,3,4,4,2,3,4,4,Haine È™i Ã®ncÄƒltÄƒminte,o datÄƒ pe lunÄƒ,2,2,2,2,3,Am comunicat cu vanzÄƒtorul online pentru a remedia situaÈ›ia.,Tableta Apple la pret de black-friday.,Am facut niste cumparaturi de pe Aliexperss. Nu au mai ajuns niciodata.,Mai mult de 3 ore,Studii universitare,Masculin
2021/04/27 7:32:48 p.m. GMT+3,Student,18 - 21 ani,Mai puÈ›in de 5 tranzacÈ›ii online,,,,,,,,,,,,,,,,,,,,,,,,,,,,
2021/04/27 7:39:49 p.m. GMT+3,Student,18 - 21 ani,Peste 5 tranzacÈ›ii online,3,5,2,2,2,4,4,4,4,4,4,5,5,4,4,MÃ¢ncare,o datÄƒ pe lunÄƒ,4,2,3,1,2,Am comunicat cu vanzÄƒtorul online pentru a remedia situaÈ›ia.,.,.,Ãntre 2-3 ore,Studii liceale,Feminin
2021/04/27 7:44:11 p.m. GMT+3,Student,18 - 21 ani,Peste 5 tranzacÈ›ii online,3,3,3,3,2,3,3,3,3,4,4,5,5,4,2,CÄƒrÈ›i È™i reviste,o datÄƒ pe lunÄƒ,5,2,2,2,4,Am comunicat cu vanzÄƒtorul online pentru a remedia situaÈ›ia.,Un accesoriu de par ,JucÄƒrii ,Mai mult de 3 ore,Studii liceale,Feminin
2021/04/27 7:47:54 p.m. GMT+3,Student,22 - 24 ani,Mai puÈ›in de 5 tranzacÈ›ii online,,,,,,,,,,,,,,,,,,,,,,,,,,,,
2021/04/27 7:49:30 p.m. GMT+3,Absolvent  de Studii Superioare,25 - 30 ani,Peste 5 tranzacÈ›ii online,3,1,4,5,1,5,3,4,1,3,2,5,5,5,4,Haine È™i Ã®ncÄƒltÄƒminte,o datÄƒ pe lunÄƒ,2,3,1,3,1,Nu am luat nicio acÈ›iune.,-,-,Ãntre 2-3 ore,Studii universitare,Feminin
2021/04/27 7:50:57 p.m. GMT+3,Student,22 - 24 ani,Peste 5 tranzacÈ›ii online,2,3,3,3,3,3,3,3,3,4,4,4,4,4,4,Haine È™i Ã®ncÄƒltÄƒminte,de 2-3 ori pe lunÄƒ,3,3,3,2,2,Am comunicat cu vanzÄƒtorul online pentru a remedia situaÈ›ia.,CÃ¢nd am cumpÄƒrat pantofi. Livrarea a fost optimÄƒ. ,Am primit coletul foarte tÃ¢rziu.,Mai mult de 3 ore,Studii universitare,Feminin
2021/04/27 7:52:58 p.m. GMT+3,Student,22 - 24 ani,Peste 5 tranzacÈ›ii online,2,4,4,4,1,1,4,3,3,2,4,4,4,4,3,Accesorii / produse de Ã®ngrijire personalÄƒ,o datÄƒ pe lunÄƒ,4,3,4,4,4,Am comunicat cu vanzÄƒtorul online pentru a remedia situaÈ›ia.,"Acizitii de pe siteuri populare, reviewuri bune",La fel de pe siteuri populare din cauza ca nu am primit produsele si nici banii nu au fost rambursati,Mai mult de 3 ore,Studii universitare,Feminin
2021/04/27 7:53:43 p.m. GMT+3,Absolvent  de Studii Superioare,25 - 30 ani,Mai puÈ›in de 5 tranzacÈ›ii online,,,,,,,,,,,,,,,,,,,,,,,,,,,,
2021/04/27 7:59:12 p.m. GMT+3,Student,18 - 21 ani,Mai puÈ›in de 5 tranzacÈ›ii online,,,,,,,,,,,,,,,,,,,,,,,,,,,,
2021/04/27 7:59:13 p.m. GMT+3,Student,25 - 30 ani,Peste 5 tranzacÈ›ii online,4,5,3,4,4,4,4,3,3,3,4,2,3,3,4,MÃ¢ncare,o datÄƒ pe sÄƒptÄƒmÃ¢nÄƒ,2,2,3,2,1,Am comunicat cu vanzÄƒtorul online pentru a remedia situaÈ›ia.,"Nu È™tiu... MÃ¢ncarea nu stau sa o fac, pÃ¢nÄƒ la Oradea nu merg ca sa iau doua monede, iar un aspirator e mai uÈ™or sÄƒ Ã®È›i fie adus decÃ¢t sÄƒ Ã®l cari.",CÃ¢nd am primit mÃ¢ncare stricatÄƒ sau de gramaj mai mic decÃ¢t comandasem. :)),Mai mult de 3 ore,Studii universitare,Masculin
2021/04/27 8:00:37 p.m. GMT+3,Student,18 - 21 ani,Mai puÈ›in de 5 tranzacÈ›ii online,,,,,,,,,,,,,,,,,,,,,,,,,,,,
2021/04/27 8:00:59 p.m. GMT+3,Absolvent  de Studii Superioare,22 - 24 ani,Peste 5 tranzacÈ›ii online,4,5,5,5,4,5,4,5,2,3,4,5,5,5,4,Haine È™i Ã®ncÄƒltÄƒminte,o datÄƒ pe sÄƒptÄƒmÃ¢nÄƒ,2,2,1,2,1,Am comunicat cu vanzÄƒtorul online pentru a remedia situaÈ›ia.,O comanda de produse coametice plasate in jurul orei 15 livrata a doua zi de dimineata si cu o felicitare personalizata.,"Comanda ajunsa in 2 zile in orasul in care trebuia librata, dar a stat 2 saptamani in depozitul curierului. ",Ãntre 2-3 ore,Studii universitare,Feminin
2021/04/27 8:03:32 p.m. GMT+3,Student,18 - 21 ani,Peste 5 tranzacÈ›ii online,4,4,5,5,4,5,4,4,4,5,5,4,4,4,4,Haine È™i Ã®ncÄƒltÄƒminte,o datÄƒ pe lunÄƒ,2,2,3,2,2,Am comunicat cu vanzÄƒtorul online pentru a remedia situaÈ›ia.,Nu È™tiu ,Nu È™tiu ,Mai puÈ›in de 2 ore,Studii liceale,Feminin
2021/04/27 8:03:49 p.m. GMT+3,Student,18 - 21 ani,Mai puÈ›in de 5 tranzacÈ›ii online,,,,,,,,,,,,,,,,,,,,,,,,,,,,
2021/04/27 8:11:50 p.m. GMT+3,Student,22 - 24 ani,Mai puÈ›in de 5 tranzacÈ›ii online,,,,,,,,,,,,,,,,,,,,,,,,,,,,
2021/04/27 8:16:01 p.m. GMT+3,Student,18 - 21 ani,Mai puÈ›in de 5 tranzacÈ›ii online,,,,,,,,,,,,,,,,,,,,,,,,,,,,
2021/04/27 8:24:07 p.m. GMT+3,Absolvent  de Studii Superioare,25 - 30 ani,Mai puÈ›in de 5 tranzacÈ›ii online,,,,,,,,,,,,,,,,,,,,,,,,,,,,
2021/04/27 8:37:30 p.m. GMT+3,Absolvent  de Studii Superioare,25 - 30 ani,Mai puÈ›in de 5 tranzacÈ›ii online,,,,,,,,,,,,,,,,,,,,,,,,,,,,
2021/04/27 8:38:06 p.m. GMT+3,Student,18 - 21 ani,Mai puÈ›in de 5 tranzacÈ›ii online,,,,,,,,,,,,,,,,,,,,,,,,,,,,
2021/04/27 8:43:59 p.m. GMT+3,Absolvent  de Studii Superioare,25 - 30 ani,Peste 5 tranzacÈ›ii online,5,5,5,5,5,5,5,3,5,3,5,5,5,5,5,Accesorii / produse de Ã®ngrijire personalÄƒ,de 2-3 ori pe lunÄƒ,2,1,2,3,2,Am comunicat cu vanzÄƒtorul online pentru a remedia situaÈ›ia.,"Toate comenzile plasate pe Aliexpress..AceleaÈ™i produse din tara noastrÄƒ, dar la un preÈ› mai mic. ",Comenzile de mÃ¢ncare.. Ar trebui sa gÄƒtesc Ã®n loc sa dau banii aiurea ğŸ¤£,Ãntre 2-3 ore,Studii universitare,Feminin
2021/04/27 8:45:36 p.m. GMT+3,Absolvent  de Studii Superioare,25 - 30 ani,Peste 5 tranzacÈ›ii online,3,3,3,3,1,4,5,3,3,5,4,4,5,4,5,Accesorii / produse de Ã®ngrijire personalÄƒ,de 2-3 ori pe lunÄƒ,2,2,3,2,1,Am comunicat cu vanzÄƒtorul online pentru a remedia situaÈ›ia.,Achizitia electrocasnicelor,Achizitia de incaltaminte care nu s-a potrivit iar vanzatorul nu a mai raspuns,Ãntre 2-3 ore,Studii universitare,Feminin
2021/04/27 8:46:38 p.m. GMT+3,Student,18 - 21 ani,Mai puÈ›in de 5 tranzacÈ›ii online,,,,,,,,,,,,,,,,,,,,,,,,,,,,
2021/04/27 8:48:22 p.m. GMT+3,Student,22 - 24 ani,Peste 5 tranzacÈ›ii online,4,4,4,4,3,4,3,4,4,4,4,4,4,4,4,Haine È™i Ã®ncÄƒltÄƒminte,de 2-3 ori pe lunÄƒ,4,2,2,2,3,Am comunicat cu vanzÄƒtorul online pentru a remedia situaÈ›ia.,Cea mai buna experienta a fost cu cei de la FashionDays pentru ca sunt o firma de incredere ,Am comandat o data un set de oje semipermanente iar una dintre ele a venit sparta. Procedura de returnare a fost una extrem de greoaie,Mai mult de 3 ore,Studii liceale,Feminin
2021/04/27 8:48:22 p.m. GMT+3,Student,25 - 30 ani,Mai puÈ›in de 5 tranzacÈ›ii online,,,,,,,,,,,,,,,,,,,,,,,,,,,,
2021/04/27 8:49:21 p.m. GMT+3,Absolvent  de Studii Superioare,25 - 30 ani,Peste 5 tranzacÈ›ii online,3,3,4,4,2,4,3,3,3,3,3,3,3,3,3,Accesorii / produse de Ã®ngrijire personalÄƒ,o datÄƒ pe lunÄƒ,3,3,4,2,2,Am comunicat cu vanzÄƒtorul online pentru a remedia situaÈ›ia.,"Farmacia tei. Q cosmetice coreene-livrare prompta, produse de calitate","Fashion days- marime nu se potriveau, a fost necesar retur de 3 ori",Mai mult de 3 ore,Studii post-universitare,Feminin
2021/04/27 8:57:16 p.m. GMT+3,Absolvent  de Studii Superioare,25 - 30 ani,Peste 5 tranzacÈ›ii online,5,5,5,5,3,5,3,4,3,4,5,5,5,3,4,Haine È™i Ã®ncÄƒltÄƒminte,o datÄƒ pe lunÄƒ,3,1,3,3,1,Am comunicat cu vanzÄƒtorul online pentru a remedia situaÈ›ia.,"Cand am cumpÄƒrat È™lapi de plaja in val. Max de 120 lei si am primit Ã®ncÄƒlÈ›Äƒmintea Nike in valoare de 700 lei, care erau acelas numar. Lucky meğŸ˜‚","Cand am comandat de pe Wish un ceas fitness si am primit doar bratara. ğŸ˜‚
",Ãntre 2-3 ore,Studii universitare,Masculin
2021/04/27 9:08:19 p.m. GMT+3,Absolvent  de Studii Superioare,25 - 30 ani,Mai puÈ›in de 5 tranzacÈ›ii online,,,,,,,,,,,,,,,,,,,,,,,,,,,,
2021/04/27 9:15:40 p.m. GMT+3,Absolvent  de Studii Superioare,25 - 30 ani,Mai puÈ›in de 5 tranzacÈ›ii online,,,,,,,,,,,,,,,,,,,,,,,,,,,,
2021/04/27 9:27:39 p.m. GMT+3,Student,22 - 24 ani,Peste 5 tranzacÈ›ii online,2,4,4,4,1,1,4,3,3,2,4,4,4,4,3,Accesorii / produse de Ã®ngrijire personalÄƒ,o datÄƒ pe lunÄƒ,4,3,4,4,4,Am comunicat cu vanzÄƒtorul online pentru a remedia situaÈ›ia.,"Acizitii de pe siteuri populare, reviewuri bune",La fel de pe siteuri populare din cauza ca nu am primit produsele si nici banii nu au fost rambursati,Mai mult de 3 ore,Studii universitare,Feminin
2021/04/27 9:33:10 p.m. GMT+3,Absolvent  de Studii Superioare,25 - 30 ani,Peste 5 tranzacÈ›ii online,4,5,3,5,1,4,3,,4,3,5,2,3,4,5,Electrocasnice,de 2-3 ori pe lunÄƒ,2,2,2,2,2,Am comunicat cu vanzÄƒtorul online pentru a remedia situaÈ›ia.,"Libris, au fost draguti",Un sitedubios de tricouri din Cipru. De fapt erau intermediari si tricourile au venit din rusia si a trebuit sa merg sa le ridic de la posta vamala.,Mai mult de 3 ore,Studii post-universitare,Masculin
2021/04/27 9:35:22 p.m. GMT+3,Absolvent  de Studii Superioare,22 - 24 ani,Peste 5 tranzacÈ›ii online,3,5,5,5,4,3,2,3,3,4,5,4,4,3,2,Haine È™i Ã®ncÄƒltÄƒminte,de 2-3 ori pe lunÄƒ,3,2,5,2,3,Am comunicat cu vanzÄƒtorul online pentru a remedia situaÈ›ia.,Magazinul AboutYou returneazÄƒ foarte repede banii.,H&M dureazÄƒ mult comanda ,Mai puÈ›in de 2 ore,Studii universitare,Feminin
2021/04/27 9:37:41 p.m. GMT+3,Absolvent  de Studii Superioare,25 - 30 ani,Peste 5 tranzacÈ›ii online,5,4,5,4,1,5,4,4,3,3,5,4,5,4,4,Haine È™i Ã®ncÄƒltÄƒminte,o datÄƒ pe sÄƒptÄƒmÃ¢nÄƒ,1,1,1,1,1,Am comunicat cu vanzÄƒtorul online pentru a remedia situaÈ›ia.,"Tot timpul cand comand de pe h&m, sunt foarte promti",cand am trecur ultima cifra de la nr de telefon gresita si nu am primit mail ca nu raspund la telefon aau ceva,Mai puÈ›in de 2 ore,Studii universitare,Feminin
2021/04/27 9:37:43 p.m. GMT+3,Student,18 - 21 ani,Mai puÈ›in de 5 tranzacÈ›ii online,,,,,,,,,,,,,,,,,,,,,,,,,,,,
2021/04/27 9:41:10 p.m. GMT+3,Absolvent  de Studii Superioare,25 - 30 ani,Mai puÈ›in de 5 tranzacÈ›ii online,,,,,,,,,,,,,,,,,,,,,,,,,,,,
2021/04/27 9:41:28 p.m. GMT+3,Absolvent  de Studii Superioare,25 - 30 ani,Mai puÈ›in de 5 tranzacÈ›ii online,,,,,,,,,,,,,,,,,,,,,,,,,,,,
2021/04/27 9:41:37 p.m. GMT+3,Student,18 - 21 ani,Peste 5 tranzacÈ›ii online,3,3,5,4,1,5,3,5,2,3,3,5,5,5,4,Haine È™i Ã®ncÄƒltÄƒminte,de 2-3 ori pe lunÄƒ,2,2,3,1,2,Am comunicat cu vanzÄƒtorul online pentru a remedia situaÈ›ia.,"Cea mai buna achiziÈ›ie online a fost legatÄƒ de diferite produse cosmetice/skincare deoarece nu au existat probleme de genul mÄƒrime gresita, cusÄƒturi defecte precum am Ã®ntÃ¢lnit la haine","Cea mai puÈ›in buna experienÈ›a a fost cu o firma cunoscuta Ã®nsÄƒ care are sediul in Praga, fiind nevoie de un retur, acesta a durat peste o luna, iar banii nu mi-au fost trimiÈ™i rapid in cont, fÄƒcÃ¢ndu-ma sa cred ca i-am pierdut",Ãntre 2-3 ore,Studii liceale,Feminin
2021/04/27 9:49:02 p.m. GMT+3,Absolvent  de Studii Superioare,22 - 24 ani,Mai puÈ›in de 5 tranzacÈ›ii online,,,,,,,,,,,,,,,,,,,,,,,,,,,,
2021/04/27 9:49:39 p.m. GMT+3,Student,18 - 21 ani,Peste 5 tranzacÈ›ii online,3,3,4,3,3,4,3,3,3,3,5,3,4,5,5,Haine È™i Ã®ncÄƒltÄƒminte,de 2-3 ori pe lunÄƒ,5,3,5,4,3,Am comunicat cu vanzÄƒtorul online pentru a remedia situaÈ›ia.,CÄƒrÈ›i,O comandÄƒ About You,Ãntre 2-3 ore,Studii liceale,Feminin
2021/04/27 9:52:58 p.m. GMT+3,Student,18 - 21 ani,Mai puÈ›in de 5 tranzacÈ›ii online,,,,,,,,,,,,,,,,,,,,,,,,,,,,
2021/04/27 9:53:25 p.m. GMT+3,Student,18 - 21 ani,Mai puÈ›in de 5 tranzacÈ›ii online,,,,,,,,,,,,,,,,,,,,,,,,,,,,
2021/04/27 9:53:38 p.m. GMT+3,Student,18 - 21 ani,Mai puÈ›in de 5 tranzacÈ›ii online,,,,,,,,,,,,,,,,,,,,,,,,,,,,
2021/04/27 9:55:42 p.m. GMT+3,Absolvent  de Studii Superioare,22 - 24 ani,Mai puÈ›in de 5 tranzacÈ›ii online,,,,,,,,,,,,,,,,,,,,,,,,,,,,
2021/04/27 9:56:55 p.m. GMT+3,Absolvent  de Studii Superioare,25 - 30 ani,Peste 5 tranzacÈ›ii online,3,5,5,5,1,5,3,3,1,2,4,5,4,5,5,Accesorii / produse de Ã®ngrijire personalÄƒ,o datÄƒ pe sÄƒptÄƒmÃ¢nÄƒ,4,1,3,4,1,Am comunicat cu vanzÄƒtorul online pentru a remedia situaÈ›ia.,_,CÃ¢nd a Ã®ntÃ¢rziat curierul foarte mult È™i am mers la sediu È™i mi s-a zis cÄƒ pachetul meu este Ã®n depozit dar nu au idee unde. Nu mai comand prin Cargus niciodatÄƒ. ,Mai mult de 3 ore,Studii post-universitare,Feminin
2021/04/27 9:58:03 p.m. GMT+3,Absolvent  de Studii Superioare,25 - 30 ani,Peste 5 tranzacÈ›ii online,2,3,3,3,1,5,4,4,3,5,4,3,2,5,5,CÄƒrÈ›i È™i reviste,de 2-3 ori pe lunÄƒ,4,3,1,3,2,Am comunicat cu vanzÄƒtorul online pentru a remedia situaÈ›ia.,Tot ce cumpÄƒr de pe eMAG ajunge repede È™i in stare perfecta.,Am comandat de la Flanco de doua ori È™i de doua ori am primit pachetul lovit È™i cutia foarte rupta. Partea proasta este ca de fiecare data comanda era pentru un cadou È™i toatÄƒ surpriza pregÄƒtitÄƒ a fost afectatÄƒ negativ. ,Ãntre 2-3 ore,Studii post-universitare,Feminin
2021/04/27 10:01:54 p.m. GMT+3,Student,18 - 21 ani,Mai puÈ›in de 5 tranzacÈ›ii online,,,,,,,,,,,,,,,,,,,,,,,,,,,,
2021/04/27 10:04:30 p.m. GMT+3,Student,18 - 21 ani,Mai puÈ›in de 5 tranzacÈ›ii online,,,,,,,,,,,,,,,,,,,,,,,,,,,,
2021/04/27 10:04:50 p.m. GMT+3,Student,18 - 21 ani,Mai puÈ›in de 5 tranzacÈ›ii online,,,,,,,,,,,,,,,,,,,,,,,,,,,,
2021/04/27 10:05:13 p.m. GMT+3,Absolvent  de Studii Superioare,22 - 24 ani,Peste 5 tranzacÈ›ii online,4,4,4,4,2,5,5,4,5,5,5,5,5,5,4,CÄƒrÈ›i È™i reviste,de 2-3 ori pe lunÄƒ,2,3,3,3,4,Am comunicat cu vanzÄƒtorul online pentru a remedia situaÈ›ia.,"Produsele comandata de pe site-ul celor de la Carturesti au ajuns mereu in stare foarte buna, ofera Ã®mpachetare pentru cadou gratuit iar costul de livrare nu se mai aplica de la anumita suma, modicÄƒ, dupÄƒ parerea mea.","Comenzile de la eMag sunt destul de problematice, un anumit produsba trebuit sa il returnez de 2 ori din cauza defectelor, iar livrarea este gratuita doar de la o suma destul de mare. Exista mereu si acel tarif de procesare al comenzii.",Mai mult de 3 ore,Studii universitare,Masculin
2021/04/27 10:15:39 p.m. GMT+3,Absolvent  de Studii Superioare,22 - 24 ani,Peste 5 tranzacÈ›ii online,5,5,5,5,5,4,5,5,3,3,5,5,5,5,5,Accesorii / produse de Ã®ngrijire personalÄƒ,o datÄƒ pe sÄƒptÄƒmÃ¢nÄƒ,5,4,3,3,2,Am comunicat cu vanzÄƒtorul online pentru a remedia situaÈ›ia.,"Produse de beauty comandate din SUA, ajunse in maxim 14 zile in posesia mea. Am beneficiat de transport gratuit.",Produse comandate de pe site-uri asiatice. Dureaza prea mult timp sa ajunga produsele.,Mai mult de 3 ore,Studii universitare,Feminin
2021/04/27 10:16:57 p.m. GMT+3,Student,22 - 24 ani,Mai puÈ›in de 5 tranzacÈ›ii online,,,,,,,,,,,,,,,,,,,,,,,,,,,,
2021/04/27 10:20:50 p.m. GMT+3,Absolvent  de Studii Superioare,25 - 30 ani,Mai puÈ›in de 5 tranzacÈ›ii online,,,,,,,,,,,,,,,,,,,,,,,,,,,,
2021/04/27 10:23:17 p.m. GMT+3,Absolvent  de Studii Superioare,25 - 30 ani,Mai puÈ›in de 5 tranzacÈ›ii online,,,,,,,,,,,,,,,,,,,,,,,,,,,,
2021/04/27 10:28:54 p.m. GMT+3,Absolvent  de Studii Superioare,22 - 24 ani,Peste 5 tranzacÈ›ii online,5,5,3,5,2,5,5,5,3,5,5,3,5,5,5,MÃ¢ncare,o datÄƒ pe lunÄƒ,2,1,4,4,1,ÃncÄƒ nu am avut probleme,"La Carturesti, cÃ¢nd am primit cartea Ã®mpachetatÄƒ in cutie de cadou ",CÃ¢nd am modificat adresa de livrare È™i a Ã®ntÃ¢rziat foarte mult,Mai puÈ›in de 2 ore,Studii universitare,Masculin
2021/04/27 10:34:17 p.m. GMT+3,Student,18 - 21 ani,Peste 5 tranzacÈ›ii online,4,2,5,5,3,5,4,4,2,4,4,2,4,4,4,Haine È™i Ã®ncÄƒltÄƒminte,de 2-3 ori pe lunÄƒ,2,1,1,1,1,Am comunicat cu vanzÄƒtorul online pentru a remedia situaÈ›ia.,"Printre achiziÈ›iile mele cele mai bune se numÄƒrÄƒ hainele cumpÄƒrate de pe platforma AboutYou, datoritÄƒ varietÄƒÈ›ii de firme È™i produse, preÈ›uri avantajoase È™i coduri de reducere, precum È™i datoritÄƒ livrÄƒrii rapide, fÄƒrÄƒ costuri de transport sau de retur. ","Cea mai puÈ›in bunÄƒ a fost o comandÄƒ de produse pentru casÄƒ de pe un site deloc cunoscut, cÃ¢nd nu am primit ceea ce am comandat È™i nu am putut contacta firma pentru o perioadÄƒ de timp, dar nici atunci cÃ¢nd mi-au retrimis produsul nu a fost cel bun. ",Mai mult de 3 ore,Studii liceale,Feminin
2021/04/27 10:37:13 p.m. GMT+3,Student,22 - 24 ani,Mai puÈ›in de 5 tranzacÈ›ii online,,,,,,,,,,,,,,,,,,,,,,,,,,,,
2021/04/27 10:44:35 p.m. GMT+3,Student,18 - 21 ani,Peste 5 tranzacÈ›ii online,3,1,3,3,1,5,4,3,3,3,5,4,5,5,5,Accesorii / produse de Ã®ngrijire personalÄƒ,de 2-3 ori pe sÄƒptÄƒmÃ¢nÄƒ,3,1,4,2,2,Am comunicat cu vanzÄƒtorul online pentru a remedia situaÈ›ia.,AchiziÈ›ionarea unor produse de skincare de pe QCosmetics pt ca am primit multe produse gratis din partea echipei.,AchiziÈ›ionarea unui MacBook de pe site-ul IStyle deoarece timpul de livrare al comenzii a fost depÄƒÈ™it cu aproximativ o luna fata de data la care trebuia sa Ã®mi fie livrat laptopul.,Ãntre 2-3 ore,Studii liceale,Feminin
2021/04/27 10:52:19 p.m. GMT+3,Student,18 - 21 ani,Mai puÈ›in de 5 tranzacÈ›ii online,,,,,,,,,,,,,,,,,,,,,,,,,,,,
2021/04/27 11:00:52 p.m. GMT+3,Student,22 - 24 ani,Peste 5 tranzacÈ›ii online,3,4,2,4,3,4,4,2,1,2,4,2,4,1,5,Haine È™i Ã®ncÄƒltÄƒminte,o datÄƒ pe lunÄƒ,4,1,3,1,1,Am comunicat cu vanzÄƒtorul online pentru a remedia situaÈ›ia.,Timpul este mai scurt,Costul de livrare,Mai mult de 3 ore,Studii liceale,Feminin
2021/04/27 11:02:30 p.m. GMT+3,Absolvent  de Studii Superioare,22 - 24 ani,Peste 5 tranzacÈ›ii online,2,5,3,5,2,5,4,3,3,4,5,3,5,5,3,Accesorii / produse de Ã®ngrijire personalÄƒ,de 2-3 ori pe lunÄƒ,2,1,1,1,1,Am comunicat cu vanzÄƒtorul online pentru a remedia situaÈ›ia.,In relaÈ›ie cu un magazin de pantofi. Politica de retur foarte rapida È™i usoara,Nu am avut experiente negative,Mai mult de 3 ore,Studii universitare,Feminin
2021/04/27 11:17:37 p.m. GMT+3,Student,22 - 24 ani,Peste 5 tranzacÈ›ii online,2,5,3,4,4,5,5,5,5,3,5,4,5,3,5,MÃ¢ncare,o datÄƒ pe lunÄƒ,4,2,4,4,3,Am comunicat cu vanzÄƒtorul online pentru a remedia situaÈ›ia.,-,-,Mai mult de 3 ore,Studii liceale,Feminin
2021/04/27 11:18:53 p.m. GMT+3,Absolvent  de Studii Superioare,25 - 30 ani,Peste 5 tranzacÈ›ii online,3,4,5,5,1,5,4,4,4,5,3,5,3,3,4,CÄƒrÈ›i È™i reviste,de 2-3 ori pe lunÄƒ,3,2,2,3,2,Am comunicat cu vanzÄƒtorul online pentru a remedia situaÈ›ia.,"Acum ceva timp intr-o comanda facuta la sephora au trimis un produs gresit, am fost impresionata de promptitudinea cu care acestia au raspuns si au rezolvat problema ğŸ˜Š. Nu a fost necesar ca produsul â€œincurcatâ€ sa ajunga la ei pentru a putea primii produsul bun. Am facut schimb la curier ğŸ˜Š
Deasemenea la melkior am facut o comanda (erau reduceri) si chiar daca in momentul realizarii comenzii produsele erau pe stoc am primit e-mail ca nu mai sunt pe stoc dar imi pot alege in locul acelor produse altele beneficind de aceeasi reducere (am apreciat faptul ca au facut acest lucru desi nu erau obligati )","Am comandat cateva produse de la Pupa, iar un produs nu a ajuns (pentru care defapt am pus comanda). Am reusit sa discut intr-un final cu cineva si mi s-a spus ca nu imi pot livra doar acel produs, dar imi pot trimite un voucher in valoare de x lei pe care il pot utiliza pentru comenzi de minim x lei. Eu imi doream acel produs (pe care sa il  comand din nou nu se incadra in suma minima pentru a utiliza voucherul) , restul produselor de care as fi avut nevoie au venit in comanda initiala . Deci nu am utilizat voucherul, intr-un fel ideea era sa comand si mai mult de la ei si nu m-a incantat. ",Ãntre 2-3 ore,Studii post-universitare,Feminin
2021/04/27 11:21:40 p.m. GMT+3,Absolvent  de Studii Superioare,25 - 30 ani,Peste 5 tranzacÈ›ii online,3,3,3,3,1,5,4,4,4,5,4,5,5,2,5,Accesorii / produse de Ã®ngrijire personalÄƒ,de 2-3 ori pe lunÄƒ,4,2,5,4,3,Am comunicat cu vanzÄƒtorul online pentru a remedia situaÈ›ia.,-,-,Ãntre 2-3 ore,Studii post-universitare,Feminin
2021/04/27 11:29:22 p.m. GMT+3,Student,18 - 21 ani,Mai puÈ›in de 5 tranzacÈ›ii online,,,,,,,,,,,,,,,,,,,,,,,,,,,,
2021/04/27 11:46:19 p.m. GMT+3,Absolvent  de Studii Superioare,22 - 24 ani,Mai puÈ›in de 5 tranzacÈ›ii online,,,,,,,,,,,,,,,,,,,,,,,,,,,,
2021/04/27 11:58:14 p.m. GMT+3,Student,18 - 21 ani,Mai puÈ›in de 5 tranzacÈ›ii online,,,,,,,,,,,,,,,,,,,,,,,,,,,,
2021/04/28 12:03:43 a.m. GMT+3,Student,18 - 21 ani,Mai puÈ›in de 5 tranzacÈ›ii online,,,,,,,,,,,,,,,,,,,,,,,,,,,,
2021/04/28 12:05:22 a.m. GMT+3,Absolvent  de Studii Superioare,25 - 30 ani,Peste 5 tranzacÈ›ii online,4,4,4,4,2,5,5,2,5,3,3,3,5,3,3,Haine È™i Ã®ncÄƒltÄƒminte,o datÄƒ pe lunÄƒ,2,2,2,3,4,Am comunicat cu vanzÄƒtorul online pentru a remedia situaÈ›ia.,-,"Am cumpÄƒrat un produs de pe un site È™i a venit spart. ExperienÈ›a neplÄƒcuta a fost cÃ¢nd a trebuit sa fac returul. AtÃ¢ta din partea companiei, cÃ¢t È™i din partea firmei se curierat. ",Ãntre 2-3 ore,Studii post-universitare,Feminin
2021/04/28 12:05:56 a.m. GMT+3,Absolvent  de Studii Superioare,22 - 24 ani,Mai puÈ›in de 5 tranzacÈ›ii online,,,,,,,,,,,,,,,,,,,,,,,,,,,,
2021/04/28 12:11:00 a.m. GMT+3,Absolvent  de Studii Superioare,25 - 30 ani,Peste 5 tranzacÈ›ii online,3,3,4,4,4,5,5,5,4,3,5,4,5,5,5,Haine È™i Ã®ncÄƒltÄƒminte,de 2-3 ori pe sÄƒptÄƒmÃ¢nÄƒ,2,1,2,2,1,Am comunicat cu vanzÄƒtorul online pentru a remedia situaÈ›ia.,"Momentul in care am achiziÈ›ionat o pereche superba de cercei de aur, au fost peste aÈ™teptÄƒri.",Momentul in care am comandat ceva iar produsul a prezentat semne de uzura.,Ãntre 2-3 ore,Studii post-universitare,Feminin
2021/04/28 12:11:39 a.m. GMT+3,Absolvent  de Studii Superioare,25 - 30 ani,Peste 5 tranzacÈ›ii online,2,5,5,5,3,5,3,4,4,3,4,5,4,4,5,CÄƒrÈ›i È™i reviste,o datÄƒ pe lunÄƒ,2,2,1,3,2,Am comunicat cu vanzÄƒtorul online pentru a remedia situaÈ›ia.,"Comenzile la care primesc mici cadouri, fÄƒrÄƒ sÄƒ È™tiu. MÄƒ surprinde plÄƒcut È™i mÄƒ Ã®ncarcÄƒ de energie bunÄƒ. ","Refuzul iniÈ›ial al unui magazin de a-mi schimba produsul venit Ã®n altÄƒ culoare decÃ¢t cea comandatÄƒ, deÈ™i vina le aparÈ›inea. Au urmat negocieri (mi-au oferit un voucher/promisiunea cÄƒ vor pune produsul corect Ã®n viitoarea comandÄƒ pe care o fac/sÄƒ plÄƒtesc eu transportul). A trebuit sÄƒ fac ""scandal"" ca sÄƒ se rezolve Ã®n mod corect. Nu mai comanda niciodatÄƒ de la ei. ",Mai mult de 3 ore,Studii universitare,Feminin
2021/04/28 12:25:51 a.m. GMT+3,Student,18 - 21 ani,Mai puÈ›in de 5 tranzacÈ›ii online,,,,,,,,,,,,,,,,,,,,,,,,,,,,
2021/04/28 12:34:54 a.m. GMT+3,Student,22 - 24 ani,Mai puÈ›in de 5 tranzacÈ›ii online,,,,,,,,,,,,,,,,,,,,,,,,,,,,
2021/04/28 12:36:50 a.m. GMT+3,Student,18 - 21 ani,Mai puÈ›in de 5 tranzacÈ›ii online,,,,,,,,,,,,,,,,,,,,,,,,,,,,
2021/04/28 12:39:56 a.m. GMT+3,Student,18 - 21 ani,Mai puÈ›in de 5 tranzacÈ›ii online,,,,,,,,,,,,,,,,,,,,,,,,,,,,
2021/04/28 1:00:12 a.m. GMT+3,Student,18 - 21 ani,Mai puÈ›in de 5 tranzacÈ›ii online,,,,,,,,,,,,,,,,,,,,,,,,,,,,
2021/04/28 1:40:47 a.m. GMT+3,Student,18 - 21 ani,Mai puÈ›in de 5 tranzacÈ›ii online,,,,,,,,,,,,,,,,,,,,,,,,,,,,
2021/04/28 1:58:32 a.m. GMT+3,Absolvent  de Studii Superioare,25 - 30 ani,Peste 5 tranzacÈ›ii online,5,5,5,5,4,5,5,5,3,5,4,4,4,3,5,Accesorii / produse de Ã®ngrijire personalÄƒ,de 2-3 ori pe lunÄƒ,4,3,3,3,4,Am comunicat cu vanzÄƒtorul online pentru a remedia situaÈ›ia.,Nu am una anume,"O achiziÈ›ie in care nu am agreat asupra returului, deÈ™i condiÈ›iile de pe site erau clare, mi s-au invocat tot felul de motive",Mai mult de 3 ore,Studii post-universitare,Feminin
2021/04/28 2:03:53 a.m. GMT+3,Student,18 - 21 ani,Mai puÈ›in de 5 tranzacÈ›ii online,,,,,,,,,,,,,,,,,,,,,,,,,,,,
2021/04/28 2:37:55 a.m. GMT+3,Student,18 - 21 ani,Peste 5 tranzacÈ›ii online,4,4,3,3,3,4,2,3,2,1,3,3,3,4,5,CÄƒrÈ›i È™i reviste,o datÄƒ pe lunÄƒ,2,2,3,2,3,Am comunicat cu vanzÄƒtorul online pentru a remedia situaÈ›ia.,",",",",Mai mult de 3 ore,Studii liceale,Feminin
2021/04/28 4:30:27 a.m. GMT+3,Student,18 - 21 ani,Peste 5 tranzacÈ›ii online,5,5,5,5,3,5,4,4,4,5,4,5,4,3,4,Haine È™i Ã®ncÄƒltÄƒminte,de 2-3 ori pe sÄƒptÄƒmÃ¢nÄƒ,3,2,3,2,2,Am comunicat cu vanzÄƒtorul online pentru a remedia situaÈ›ia.,-,-,Ãntre 2-3 ore,Studii liceale,Feminin
2021/04/28 5:34:35 a.m. GMT+3,Absolvent  de Studii Superioare,25 - 30 ani,Peste 5 tranzacÈ›ii online,5,5,5,5,5,4,4,4,4,2,4,4,4,2,5,Haine È™i Ã®ncÄƒltÄƒminte,de 2-3 ori pe lunÄƒ,4,1,4,1,1,Nu am luat nicio acÈ›iune.,Produsele comandate ,Nu mi s- a livrat ce am cerut,Mai mult de 3 ore,Studii post-universitare,Feminin
2021/04/28 6:00:24 a.m. GMT+3,Absolvent  de Studii Superioare,22 - 24 ani,Peste 5 tranzacÈ›ii online,5,5,4,3,2,5,3,4,2,3,4,2,5,2,4,Haine È™i Ã®ncÄƒltÄƒminte,de 2-3 ori pe lunÄƒ,2,1,1,1,2,Am comunicat cu vanzÄƒtorul online pentru a remedia situaÈ›ia.,-,-,Ãntre 2-3 ore,Studii universitare,Feminin
2021/04/28 7:42:53 a.m. GMT+3,Student,18 - 21 ani,Peste 5 tranzacÈ›ii online,4,3,4,4,4,4,4,4,4,3,3,3,4,4,4,Haine È™i Ã®ncÄƒltÄƒminte,de 2-3 ori pe lunÄƒ,3,1,2,2,1,Nu am luat nicio acÈ›iune.,Achizitiile de la Sinsay,Nu am ,Mai mult de 3 ore,Studii liceale,Feminin
2021/04/28 8:24:34 a.m. GMT+3,Student,22 - 24 ani,Peste 5 tranzacÈ›ii online,5,5,3,4,5,5,3,3,4,2,5,5,3,4,3,Accesorii / produse de Ã®ngrijire personalÄƒ,de 2-3 ori pe lunÄƒ,3,1,3,3,1,Nu am luat nicio acÈ›iune.,-,-,Ãntre 2-3 ore,Studii liceale,Feminin
2021/04/28 9:29:39 a.m. GMT+3,Student,18 - 21 ani,Mai puÈ›in de 5 tranzacÈ›ii online,,,,,,,,,,,,,,,,,,,,,,,,,,,,
2021/04/28 9:43:53 a.m. GMT+3,Student,18 - 21 ani,Peste 5 tranzacÈ›ii online,5,5,5,5,5,4,5,5,4,5,5,5,5,5,1,Haine È™i Ã®ncÄƒltÄƒminte,de 2-3 ori pe sÄƒptÄƒmÃ¢nÄƒ,4,4,5,4,3,Am comunicat cu vanzÄƒtorul online pentru a remedia situaÈ›ia.,Q cosmetics pentru promptitudine ,"E pantofi, nu au trimis banii inapoi in urma returului",Mai mult de 3 ore,Studii universitare,Feminin
2021/04/28 9:51:49 a.m. GMT+3,Absolvent  de Studii Superioare,22 - 24 ani,Peste 5 tranzacÈ›ii online,5,5,5,5,3,5,5,5,5,5,4,4,5,4,4,Haine È™i Ã®ncÄƒltÄƒminte,o datÄƒ pe lunÄƒ,3,1,2,3,1,Am comunicat cu vanzÄƒtorul online pentru a remedia situaÈ›ia.,"calitatea. Atunci cand cumpar un produs, pentru mine e foarte important sa se respecte acest aspect al calitatii.","Marime mai mica decat pe site, si nu am reusit sa returnez.",Ãntre 2-3 ore,Studii universitare,Feminin
2021/04/28 9:55:15 a.m. GMT+3,Absolvent  de Studii Superioare,22 - 24 ani,Peste 5 tranzacÈ›ii online,5,5,5,5,4,5,5,5,3,3,4,4,5,5,5,Accesorii / produse de Ã®ngrijire personalÄƒ,de 2-3 ori pe lunÄƒ,2,2,4,2,2,Am comunicat cu vanzÄƒtorul online pentru a remedia situaÈ›ia.,Majoritatea experienÈ›elor au fost bune deoarece m-am documentat inainte de a face o achiziÈ›ie online,Cand am aÈ™teptat foarte mult timp produsul si nici nu a mai fost livrat,Ãntre 2-3 ore,Studii universitare,Feminin
2021/04/28 9:58:04 a.m. GMT+3,Absolvent  de Studii Superioare,25 - 30 ani,Peste 5 tranzacÈ›ii online,4,4,4,4,1,5,3,4,3,3,5,5,5,5,5,Electronice,de 2-3 ori pe lunÄƒ,5,3,4,3,2,Am comunicat cu vanzÄƒtorul online pentru a remedia situaÈ›ia.,Mereu cand am comandat de pe site-uri din strainatate calitatea serviciilor a fost superioara,Am platit online un produs si cand a sosit curierul acesta mi-a cerut sa ii platesc produsul cash datorita unei discrepante in sistemele lor,Mai mult de 3 ore,Studii post-universitare,Masculin
2021/04/28 10:01:10 a.m. GMT+3,Absolvent  de Studii Superioare,25 - 30 ani,Peste 5 tranzacÈ›ii online,4,4,5,5,4,4,3,4,4,5,5,4,5,5,5,Haine È™i Ã®ncÄƒltÄƒminte,de 2-3 ori pe lunÄƒ,3,2,3,3,3,Am comunicat cu vanzÄƒtorul online pentru a remedia situaÈ›ia.,Timpul de livrare,Defect la produs,Ãntre 2-3 ore,Studii post-universitare,Feminin
2021/04/28 10:30:42 a.m. GMT+3,Student,18 - 21 ani,Peste 5 tranzacÈ›ii online,4,5,5,5,2,4,5,5,3,5,2,2,5,5,3,Accesorii / produse de Ã®ngrijire personalÄƒ,o datÄƒ pe sÄƒptÄƒmÃ¢nÄƒ,5,2,4,1,1,Nu am luat nicio acÈ›iune.,Am avut foarte multe experienÈ›e bune Ã®n ceea ce priveÈ™te achiziÈ›iile online.,"A fost cu Mobilfox deoarece am comandat 3 huse de telefon la lansare, iar livrarea a durat 2 luni È™i o sÄƒptÄƒmÃ¢nÄƒ. Chiar credeam ca nu vor mai veni. Ei tot trimiteau mail-uri ""Ne cerem scuze, numÄƒrul de comenzi la lansare a fost foarte mare. ÃncercÄƒm sa trimitem toate comenzile la timp"". È˜i cam atÃ¢t. Nu rÄƒspundeau individual la mail-urile cu nemulÈ›umiri.",Mai mult de 3 ore,Studii liceale,Feminin
2021/04/28 10:39:43 a.m. GMT+3,Absolvent  de Studii Superioare,25 - 30 ani,Peste 5 tranzacÈ›ii online,4,5,4,4,1,4,4,4,4,2,5,4,4,5,5,MÃ¢ncare,o datÄƒ pe sÄƒptÄƒmÃ¢nÄƒ,2,1,4,2,1,Am scris o recenzie pe un blog.,Un shampon care are efecte benefice asupra parului meu.,"mancarea care o  puteam prepara si acasa, dar de lene am comandat.",Ãntre 2-3 ore,Studii universitare,Feminin
2021/04/28 11:32:19 a.m. GMT+3,Student,18 - 21 ani,Mai puÈ›in de 5 tranzacÈ›ii online,,,,,,,,,,,,,,,,,,,,,,,,,,,,
2021/04/28 11:50:50 a.m. GMT+3,Student,18 - 21 ani,Mai puÈ›in de 5 tranzacÈ›ii online,,,,,,,,,,,,,,,,,,,,,,,,,,,,
2021/04/28 11:51:18 a.m. GMT+3,Student,22 - 24 ani,Peste 5 tranzacÈ›ii online,2,4,4,4,2,3,3,3,3,3,1,1,4,4,4,Haine È™i Ã®ncÄƒltÄƒminte,de 2-3 ori pe lunÄƒ,3,2,2,2,2,L-am returnat,.,.,Mai mult de 3 ore,Studii liceale,Feminin
2021/04/28 11:51:57 a.m. GMT+3,Student,22 - 24 ani,Peste 5 tranzacÈ›ii online,2,4,4,4,2,3,3,3,3,3,1,1,4,4,4,Haine È™i Ã®ncÄƒltÄƒminte,de 2-3 ori pe lunÄƒ,3,2,2,2,2,L-am returnat,.,.,Mai mult de 3 ore,Studii liceale,Feminin
2021/04/28 12:04:38 p.m. GMT+3,Student,18 - 21 ani,Peste 5 tranzacÈ›ii online,5,5,4,5,4,5,5,5,4,3,3,5,5,5,5,Haine È™i Ã®ncÄƒltÄƒminte,o datÄƒ pe lunÄƒ,1,1,5,2,2,Am comunicat cu vanzÄƒtorul online pentru a remedia situaÈ›ia.,"De pe about you, am avut o experienta bunÄƒ È™i cu calitatea È™i cu promptitudinea livrarii",Nu am avut. ,Mai mult de 3 ore,Studii universitare,Feminin
2021/04/28 12:14:08 p.m. GMT+3,Absolvent  de Studii Superioare,22 - 24 ani,Mai puÈ›in de 5 tranzacÈ›ii online,,,,,,,,,,,,,,,,,,,,,,,,,,,,
2021/04/28 12:53:21 p.m. GMT+3,Student,18 - 21 ani,Peste 5 tranzacÈ›ii online,3,5,5,5,5,3,4,4,3,4,4,4,5,5,3,CÄƒrÈ›i È™i reviste,o datÄƒ pe lunÄƒ,4,2,4,3,4,Am povestit persoanelor apropiate despre experienÈ›a negativÄƒ.,"Toate au fost experienÈ›e ok, am reuÈ™it sÄƒ plÄƒtesc cu cardul direct È™i sÄƒ Ã®mi ajungÄƒ acasÄƒ doar ce am comandat, deÈ™i Ã®nainte eram paranoicÄƒ Ã®n ceea ce priveÈ™te plÄƒÈ›ile online È™i tot timpul preferam ramburs.",Nu au existat situaÈ›ii.,Mai mult de 3 ore,Studii liceale,Feminin
2021/04/28 12:57:09 p.m. GMT+3,Student,18 - 21 ani,Peste 5 tranzacÈ›ii online,5,1,5,5,3,3,5,5,5,3,3,3,4,4,4,MÃ¢ncare,o datÄƒ pe sÄƒptÄƒmÃ¢nÄƒ,3,3,5,4,3,Nu am luat nicio acÈ›iune., , ,Ãntre 2-3 ore,Studii liceale,Masculin
2021/04/28 1:42:17 p.m. GMT+3,Student,25 - 30 ani,Peste 5 tranzacÈ›ii online,4,5,5,5,4,5,4,4,4,5,5,5,5,5,5,Electrocasnice,o datÄƒ pe sÄƒptÄƒmÃ¢nÄƒ,3,2,2,1,1,Am comunicat cu vanzÄƒtorul online pentru a remedia situaÈ›ia.,"Momentul in care am achiziÈ›ionat o piesa auto, a ajuns cu probleme, dar am comunicat extrem de uÈ™or cu vÃ¢nzÄƒtorul È™i am remediat situaÈ›ia in 2 zile. A fost un lucru extrem de bun ca am reuÈ™it sa rezolvam situaÈ›ia repede, nu am avut costuri extra È™i comunicarea a fost foarte buna. ",ÃncÄƒ nu am Ã®ntÃ¢mpinat. ,Mai mult de 3 ore,Studii post-universitare,Feminin
2021/04/28 1:45:50 p.m. GMT+3,Absolvent  de Studii Superioare,25 - 30 ani,Peste 5 tranzacÈ›ii online,3,5,5,4,3,5,4,5,4,4,5,4,4,5,5,Accesorii / produse de Ã®ngrijire personalÄƒ,o datÄƒ pe lunÄƒ,2,1,3,2,1,nu am avut aceasta situatie,"Achizitia de produse de ingrijire personala/ skincare. Totul a fost ca pe site, site user friendly/ timp de livrare scurt, impachetare draguta/ mesaj dragut.",Intarziere comanda,Mai mult de 3 ore,Studii universitare,Feminin
2021/04/28 3:14:36 p.m. GMT+3,Student,18 - 21 ani,Peste 5 tranzacÈ›ii online,1,5,5,5,3,4,2,1,1,4,5,5,5,5,2,CÄƒrÈ›i È™i reviste,de 2-3 ori pe lunÄƒ,2,1,1,1,1,N-am Ã®ntÃ¢mpinat probleme,AchiziÈ›ie de cÄƒrÈ›i. Vin cel mai repede ,Haine. Mi-a venit comanda peste 3 sÄƒptÄƒmÃ¢ni ,Mai mult de 3 ore,Studii liceale,Feminin
2021/04/28 3:51:08 p.m. GMT+3,Absolvent  de Studii Superioare,25 - 30 ani,Peste 5 tranzacÈ›ii online,2,3,2,2,3,4,4,3,4,4,5,5,5,5,5,Accesorii / produse de Ã®ngrijire personalÄƒ,o datÄƒ pe sÄƒptÄƒmÃ¢nÄƒ,2,1,1,3,3,Nu am luat nicio acÈ›iune.,"Pe site-urile mari ( ex:Emag, About you, Elefant) deoarece raportul calitate-pret a fost unul echilibrat si pozitiv.","Site-uri din strainatate, deoarece calitatea produselor nu era in conformitate cu ceea ce era prezentat pe site ",Ãntre 2-3 ore,Studii post-universitare,Feminin
2021/04/28 3:52:16 p.m. GMT+3,Student,18 - 21 ani,Mai puÈ›in de 5 tranzacÈ›ii online,,,,,,,,,,,,,,,,,,,,,,,,,,,,
2021/04/28 3:59:22 p.m. GMT+3,Absolvent  de Studii Superioare,25 - 30 ani,Mai puÈ›in de 5 tranzacÈ›ii online,,,,,,,,,,,,,,,,,,,,,,,,,,,,
2021/04/28 4:00:10 p.m. GMT+3,Absolvent  de Studii Superioare,25 - 30 ani,Peste 5 tranzacÈ›ii online,1,5,2,2,1,5,5,5,2,5,4,5,3,5,5,Accesorii / produse de Ã®ngrijire personalÄƒ,de 2-3 ori pe lunÄƒ,1,1,3,2,2,Am comunicat cu vanzÄƒtorul online pentru a remedia situaÈ›ia.,"Accesul la orice produs de care am nevoie, rapid, la indemana, la preturi similare ca in magazinele fizice.","Avand in vedere optiunea de livrare, tendinta de a cumpara mai mult este din ce in ce mai greu de controlat. ğŸ™ˆ ",Ãntre 2-3 ore,Studii post-universitare,Feminin
2021/04/28 4:01:46 p.m. GMT+3,Absolvent  de Studii Superioare,25 - 30 ani,Mai puÈ›in de 5 tranzacÈ›ii online,,,,,,,,,,,,,,,,,,,,,,,,,,,,
2021/04/28 4:05:23 p.m. GMT+3,Student,18 - 21 ani,Mai puÈ›in de 5 tranzacÈ›ii online,,,,,,,,,,,,,,,,,,,,,,,,,,,,
2021/04/28 4:10:47 p.m. GMT+3,Student,25 - 30 ani,Peste 5 tranzacÈ›ii online,5,5,5,5,3,5,5,5,5,5,3,5,5,3,4,Accesorii / produse de Ã®ngrijire personalÄƒ,de 2-3 ori pe lunÄƒ,3,3,5,5,4,Am comunicat cu vanzÄƒtorul online pentru a remedia situaÈ›ia.,-,-,Mai mult de 3 ore,Studii universitare,Feminin
2021/04/28 4:45:15 p.m. GMT+3,Absolvent  de Studii Superioare,22 - 24 ani,Peste 5 tranzacÈ›ii online,5,5,5,5,1,5,5,2,4,2,3,5,5,4,5,Haine È™i Ã®ncÄƒltÄƒminte,de 2-3 ori pe lunÄƒ,3,1,2,3,2,Am comunicat cu vanzÄƒtorul online pentru a remedia situaÈ›ia.,Laptop-ul personal pe care il folosesc la munca si la cursuri. Am putut sa verific oferta in asa fel incat sa il cumpar in momentul in care pretul a scazut semnificativ. Alegera am facut-o dupa multe comparatii intre oferte online si dupa ce am citit mai multe recenzii. ,"Am cumparat un scaun de birou care era prea rigid. Spatarul era curbat iar curbura spatelui meu nu se plia pe curbura spatarului, motiv pentru care nu era deloc comfortabil. Culoarea era diferita de asemenea si nu se potrivea cu biroul. Unul din criteriile alegerii a fost exact culoarea. Dupa retur mi-au retinut bani atat pentru transport cat si pentru faptul ca ambalajul original fusese deteriorat, ceea ce mi s-a parut putin exagerat avand in vedere ca ambalajul era o cutie de carton. ",Mai mult de 3 ore,Studii universitare,Feminin
2021/04/28 4:51:56 p.m. GMT+3,Absolvent  de Studii Superioare,25 - 30 ani,Peste 5 tranzacÈ›ii online,5,5,5,5,5,5,3,3,3,4,5,5,5,5,4,Haine È™i Ã®ncÄƒltÄƒminte,o datÄƒ pe lunÄƒ,2,2,2,2,1,Am comunicat cu vanzÄƒtorul online pentru a remedia situaÈ›ia.,Nu È™tiu exact care ar fi cea mai bunÄƒ Ã®nsÄƒ È™tiu sigur cÄƒ achiziÈ›iile online fÄƒcute la About you au fost mereu de calitate Ã®naltÄƒ.  ,Nu Ã®mi amintesc cum se numeÈ™te site-ul Ã®nsÄƒ nu am avut experienÈ›e prea bune cÃ¢nd am comandat produse ieftine È™i de proastÄƒ calitate. ,Mai mult de 3 ore,Studii universitare,Feminin
2021/04/28 4:54:45 p.m. GMT+3,Absolvent  de Studii Superioare,22 - 24 ani,Mai puÈ›in de 5 tranzacÈ›ii online,,,,,,,,,,,,,,,,,,,,,,,,,,,,
2021/04/28 5:16:47 p.m. GMT+3,Absolvent  de Studii Superioare,25 - 30 ani,Peste 5 tranzacÈ›ii online,5,5,5,5,3,5,5,5,4,3,4,4,4,3,5,Accesorii / produse de Ã®ngrijire personalÄƒ,de 2-3 ori pe sÄƒptÄƒmÃ¢nÄƒ,2,2,5,3,3,Am comunicat cu vanzÄƒtorul online pentru a remedia situaÈ›ia.,-,-,Ãntre 2-3 ore,Studii post-universitare,Feminin
2021/04/28 5:34:06 p.m. GMT+3,Absolvent  de Studii Superioare,22 - 24 ani,Peste 5 tranzacÈ›ii online,5,5,5,5,3,5,5,3,4,3,4,4,5,3,5,CÄƒrÈ›i È™i reviste,o datÄƒ pe sÄƒptÄƒmÃ¢nÄƒ,2,1,3,2,1,Am comunicat cu vanzÄƒtorul online pentru a remedia situaÈ›ia.,Supererou.ro Deoarece au rÄƒspuns imediat intrebarilor adresate,Mancarea nu a fost bine gÄƒtitÄƒ si in urma contactÄƒrii nu am primit nici un rÄƒspuns. ,Mai mult de 3 ore,Studii universitare,Masculin
2021/04/28 5:40:59 p.m. GMT+3,Absolvent  de Studii Superioare,22 - 24 ani,Mai puÈ›in de 5 tranzacÈ›ii online,,,,,,,,,,,,,,,,,,,,,,,,,,,,
2021/04/28 6:12:23 p.m. GMT+3,Student,25 - 30 ani,Peste 5 tranzacÈ›ii online,4,5,5,5,4,5,4,4,4,5,5,5,5,5,5,Electrocasnice,o datÄƒ pe sÄƒptÄƒmÃ¢nÄƒ,3,2,2,1,1,Am comunicat cu vanzÄƒtorul online pentru a remedia situaÈ›ia.,"Momentul in care am achiziÈ›ionat o piesa auto, a ajuns cu probleme, dar am comunicat extrem de uÈ™or cu vÃ¢nzÄƒtorul È™i am remediat situaÈ›ia in 2 zile. A fost un lucru extrem de bun ca am reuÈ™it sa rezolvam situaÈ›ia repede, nu am avut costuri extra È™i comunicarea a fost foarte buna. ",ÃncÄƒ nu am Ã®ntÃ¢mpinat. ,Mai mult de 3 ore,Studii post-universitare,Feminin
2021/04/28 7:50:20 p.m. GMT+3,Absolvent  de Studii Superioare,25 - 30 ani,Peste 5 tranzacÈ›ii online,5,5,5,5,1,5,5,5,4,5,5,3,5,3,5,Haine È™i Ã®ncÄƒltÄƒminte,de 2-3 ori pe lunÄƒ,5,3,4,3,3,Am comunicat cu vanzÄƒtorul online pentru a remedia situaÈ›ia.,"1. Ghete pt trekking. Acest tip de produs are un preÈ› ridicat, daca se alege o calitate superioara, motiv pentru care am urmarit o perioada mai lunga fluctuatia preturilor, astfel incat am facut achizitia la cel mai bun pret. ","Fotolii. Calitate proasta in realitate, comparativ cu cea afisata pe site. Produsele au fost returnate.",Mai puÈ›in de 2 ore,Studii post-universitare,Feminin
2021/04/30 10:28:15 p.m. GMT+3,Absolvent  de Studii Superioare,22 - 24 ani,Peste 5 tranzacÈ›ii online,4,5,5,5,4,4,4,5,3,3,5,4,5,4,4,MÃ¢ncare,de 2-3 ori pe sÄƒptÄƒmÃ¢nÄƒ,3,1,3,1,1,Am comunicat cu vanzÄƒtorul online pentru a remedia situaÈ›ia.,"Consider ca, cea mai buna experienta privind achizitiile online, face parte din categoria de produse de mancare, deoarece timpul de livrare este relativ scurt, iar gama de produse este variata, fiind foarte accesibila achizitia online prin intermediul aplicatiilor mobile.","Consider ca, cea mai putin buna experienta privind achizitiile online, face parte din categoria de produse de haine si incaltaminte, deoarece timpul de livrare este relativ mare, iar informatiile privind gama de produse nu coincid intotdeauna cu cerintele personale.",Mai mult de 3 ore,Studii universitare,Feminin
2021/05/01 12:03:31 p.m. GMT+3,Absolvent  de Studii Superioare,22 - 24 ani,Peste 5 tranzacÈ›ii online,3,3,3,3,1,5,5,5,5,3,5,4,5,1,3,CÄƒrÈ›i È™i reviste,de 2-3 ori pe lunÄƒ,4,1,4,4,5,Am comunicat cu vanzÄƒtorul online pentru a remedia situaÈ›ia.,"Achizitiile de carti, caci le gasesc la pret mai redus.",AchiziÈ›iile de pe site uri neverificate.,Mai puÈ›in de 2 ore,Studii post-universitare,Feminin
2021/05/04 8:29:25 a.m. GMT+3,Absolvent  de Studii Superioare,25 - 30 ani,Peste 5 tranzacÈ›ii online,4,4,4,3,1,4,3,3,1,3,3,4,2,2,5,Haine È™i Ã®ncÄƒltÄƒminte,de 2-3 ori pe lunÄƒ,2,2,3,3,1,Am comunicat cu vanzÄƒtorul online pentru a remedia situaÈ›ia.,"Am facut retur la o comanda, iar a doua zi mi-au pus banii pe card (neasteptat de repede)","Datorita lipsei de comunicare, la plasarea comenzii am fost sigura ca va veni cu curierul la adresa pusa la comanda, iar comanda a venit la posta ( aducand produsele din Italia, le-a trimis direct la posta, lucru care nu era mentionat niciunde), dupa mai multe e-mailuri si intrebari, mi-am recuperat coletul",Mai puÈ›in de 2 ore,Studii universitare,Feminin
